geo,poverty,year,value
AL,below_at_risk_of_poverty,2017,52.4
AL,below_at_risk_of_poverty,2018,44.1
AL,below_at_risk_of_poverty,2019,53.8
AL,below_at_risk_of_poverty,2020,57.5
AL,below_at_risk_of_poverty,2021,73
AL,below_at_risk_of_poverty,2022,54.1
AL,below_at_risk_of_poverty,2023,55.9
AL,total,2017,38.7
AL,total,2018,33.3
AL,total,2019,36.8
AL,total,2020,35.8
AL,total,2021,37.7
AL,total,2022,34.7
AL,total,2023,33.8
AT,below_at_risk_of_poverty,2003,7
AT,below_at_risk_of_poverty,2004,5.2
AT,below_at_risk_of_poverty,2005,6
AT,below_at_risk_of_poverty,2006,7.7
AT,below_at_risk_of_poverty,2007,9.1
AT,below_at_risk_of_poverty,2008,10
AT,below_at_risk_of_poverty,2009,7.8
AT,below_at_risk_of_poverty,2010,9
AT,below_at_risk_of_poverty,2011,8.6
AT,below_at_risk_of_poverty,2012,7.7
AT,below_at_risk_of_poverty,2013,8.3
AT,below_at_risk_of_poverty,2014,7.7
AT,below_at_risk_of_poverty,2015,8
AT,below_at_risk_of_poverty,2016,8.7
AT,below_at_risk_of_poverty,2017,9.5
AT,below_at_risk_of_poverty,2018,4.8
AT,below_at_risk_of_poverty,2019,4.9
AT,below_at_risk_of_poverty,2020,4.2
AT,below_at_risk_of_poverty,2021,4.6
AT,below_at_risk_of_poverty,2022,4.8
AT,below_at_risk_of_poverty,2023,9.3
AT,below_at_risk_of_poverty,2024,10.7
AT,below_at_risk_of_poverty,2025,9
AT,total,2003,2.9
AT,total,2004,2.3
AT,total,2005,3.2
AT,total,2006,3.8
AT,total,2007,2.6
AT,total,2008,3.9
AT,total,2009,2.9
AT,total,2010,3.8
AT,total,2011,2.7
AT,total,2012,3.2
AT,total,2013,2.7
AT,total,2014,3.2
AT,total,2015,2.6
AT,total,2016,2.7
AT,total,2017,2.4
AT,total,2018,1.6
AT,total,2019,1.8
AT,total,2020,1.5
AT,total,2021,1.7
AT,total,2022,2.7
AT,total,2023,3.9
AT,total,2024,4
AT,total,2025,4
BE,below_at_risk_of_poverty,2003,11.8
BE,below_at_risk_of_poverty,2004,9.9
BE,below_at_risk_of_poverty,2005,29
BE,below_at_risk_of_poverty,2006,31
BE,below_at_risk_of_poverty,2007,32.8
BE,below_at_risk_of_poverty,2008,17
BE,below_at_risk_of_poverty,2009,15
BE,below_at_risk_of_poverty,2010,16.2
BE,below_at_risk_of_poverty,2011,20.9
BE,below_at_risk_of_poverty,2012,18.7
BE,below_at_risk_of_poverty,2013,18.4
BE,below_at_risk_of_poverty,2014,18.3
BE,below_at_risk_of_poverty,2015,14.8
BE,below_at_risk_of_poverty,2016,16.2
BE,below_at_risk_of_poverty,2017,20.1
BE,below_at_risk_of_poverty,2018,18.5
BE,below_at_risk_of_poverty,2019,13.6
BE,below_at_risk_of_poverty,2020,13.1
BE,below_at_risk_of_poverty,2021,10.8
BE,below_at_risk_of_poverty,2022,11.8
BE,below_at_risk_of_poverty,2023,13.7
BE,below_at_risk_of_poverty,2024,12
BE,below_at_risk_of_poverty,2025,13.2
BE,total,2003,6
BE,total,2004,6.4
BE,total,2005,14.1
BE,total,2006,14.5
BE,total,2007,14.6
BE,total,2008,6.4
BE,total,2009,5.1
BE,total,2010,5.6
BE,total,2011,7.1
BE,total,2012,6.6
BE,total,2013,5.8
BE,total,2014,5.4
BE,total,2015,5.2
BE,total,2016,4.8
BE,total,2017,5.8
BE,total,2018,5.2
BE,total,2019,3.9
BE,total,2020,4.2
BE,total,2021,3.5
BE,total,2022,5
BE,total,2023,6
BE,total,2024,4.8
BE,total,2025,4.2
BG,below_at_risk_of_poverty,2005,79
BG,below_at_risk_of_poverty,2006,79
BG,below_at_risk_of_poverty,2007,82.1
BG,below_at_risk_of_poverty,2008,81.4
BG,below_at_risk_of_poverty,2009,80.2
BG,below_at_risk_of_poverty,2010,83.3
BG,below_at_risk_of_poverty,2011,68.9
BG,below_at_risk_of_poverty,2012,70
BG,below_at_risk_of_poverty,2013,69.7
BG,below_at_risk_of_poverty,2014,66
BG,below_at_risk_of_poverty,2015,66.8
BG,below_at_risk_of_poverty,2016,61.9
BG,below_at_risk_of_poverty,2017,59.5
BG,below_at_risk_of_poverty,2018,56
BG,below_at_risk_of_poverty,2019,51.1
BG,below_at_risk_of_poverty,2020,49.2
BG,below_at_risk_of_poverty,2021,42.6
BG,below_at_risk_of_poverty,2022,42.7
BG,below_at_risk_of_poverty,2023,40.4
BG,below_at_risk_of_poverty,2024,37.2
BG,below_at_risk_of_poverty,2025,33.1
BG,total,2005,69.5
BG,total,2006,69.5
BG,total,2007,67.4
BG,total,2008,66.3
BG,total,2009,64.2
BG,total,2010,66.5
BG,total,2011,46.3
BG,total,2012,46.5
BG,total,2013,44.9
BG,total,2014,40.5
BG,total,2015,39.2
BG,total,2016,39.2
BG,total,2017,36.5
BG,total,2018,33.7
BG,total,2019,30.1
BG,total,2020,27.5
BG,total,2021,23.7
BG,total,2022,22.5
BG,total,2023,20.7
BG,total,2024,19
BG,total,2025,16.1
CH,below_at_risk_of_poverty,2007,9.4
CH,below_at_risk_of_poverty,2008,8.4
CH,below_at_risk_of_poverty,2009,11.1
CH,below_at_risk_of_poverty,2010,11
CH,below_at_risk_of_poverty,2011,1.4
CH,below_at_risk_of_poverty,2012,1
CH,below_at_risk_of_poverty,2013,0.7
CH,below_at_risk_of_poverty,2014,2.6
CH,below_at_risk_of_poverty,2015,0.8
CH,below_at_risk_of_poverty,2016,2
CH,below_at_risk_of_poverty,2017,0.7
CH,below_at_risk_of_poverty,2018,1.8
CH,below_at_risk_of_poverty,2019,0.9
CH,below_at_risk_of_poverty,2020,0.3
CH,below_at_risk_of_poverty,2021,1.7
CH,below_at_risk_of_poverty,2022,0.9
CH,below_at_risk_of_poverty,2023,0.8
CH,below_at_risk_of_poverty,2024,1.4
CH,total,2007,6.9
CH,total,2008,6.9
CH,total,2009,7.6
CH,total,2010,7.3
CH,total,2011,0.7
CH,total,2012,0.4
CH,total,2013,0.4
CH,total,2014,0.7
CH,total,2015,0.6
CH,total,2016,0.6
CH,total,2017,0.4
CH,total,2018,0.6
CH,total,2019,0.3
CH,total,2020,0.2
CH,total,2021,0.4
CH,total,2022,0.4
CH,total,2023,0.5
CH,total,2024,0.7
CY,below_at_risk_of_poverty,2005,51.3
CY,below_at_risk_of_poverty,2006,56.3
CY,below_at_risk_of_poverty,2007,63
CY,below_at_risk_of_poverty,2008,48.1
CY,below_at_risk_of_poverty,2009,37.8
CY,below_at_risk_of_poverty,2010,40.1
CY,below_at_risk_of_poverty,2011,46.3
CY,below_at_risk_of_poverty,2012,50.6
CY,below_at_risk_of_poverty,2013,51
CY,below_at_risk_of_poverty,2014,47.5
CY,below_at_risk_of_poverty,2015,49.2
CY,below_at_risk_of_poverty,2016,49
CY,below_at_risk_of_poverty,2017,46.8
CY,below_at_risk_of_poverty,2018,45.4
CY,below_at_risk_of_poverty,2019,45.8
CY,below_at_risk_of_poverty,2020,40.6
CY,below_at_risk_of_poverty,2021,50.3
CY,below_at_risk_of_poverty,2022,51.3
CY,below_at_risk_of_poverty,2023,42.6
CY,below_at_risk_of_poverty,2024,42.5
CY,below_at_risk_of_poverty,2025,34.6
CY,total,2005,33.7
CY,total,2006,33.8
CY,total,2007,34.6
CY,total,2008,29.2
CY,total,2009,21.7
CY,total,2010,27.3
CY,total,2011,26.6
CY,total,2012,30.7
CY,total,2013,30.5
CY,total,2014,27.5
CY,total,2015,28.3
CY,total,2016,24.3
CY,total,2017,22.9
CY,total,2018,21.9
CY,total,2019,20.6
CY,total,2020,21
CY,total,2021,19.2
CY,total,2022,19
CY,total,2023,17.1
CY,total,2024,14.6
CY,total,2025,11.3
CZ,below_at_risk_of_poverty,2005,19.5
CZ,below_at_risk_of_poverty,2006,20.2
CZ,below_at_risk_of_poverty,2007,17.3
CZ,below_at_risk_of_poverty,2008,16.8
CZ,below_at_risk_of_poverty,2009,12.7
CZ,below_at_risk_of_poverty,2010,11.2
CZ,below_at_risk_of_poverty,2011,13.4
CZ,below_at_risk_of_poverty,2012,15.3
CZ,below_at_risk_of_poverty,2013,14.6
CZ,below_at_risk_of_poverty,2014,15.6
CZ,below_at_risk_of_poverty,2015,13.5
CZ,below_at_risk_of_poverty,2016,13
CZ,below_at_risk_of_poverty,2017,9.2
CZ,below_at_risk_of_poverty,2018,8.9
CZ,below_at_risk_of_poverty,2019,9
CZ,below_at_risk_of_poverty,2020,6.8
CZ,below_at_risk_of_poverty,2021,7.7
CZ,below_at_risk_of_poverty,2022,7.3
CZ,below_at_risk_of_poverty,2023,16
CZ,below_at_risk_of_poverty,2024,14.4
CZ,below_at_risk_of_poverty,2025,12.8
CZ,total,2005,9.3
CZ,total,2006,8.9
CZ,total,2007,6.1
CZ,total,2008,6
CZ,total,2009,5.2
CZ,total,2010,5.2
CZ,total,2011,6.4
CZ,total,2012,6.7
CZ,total,2013,6.2
CZ,total,2014,6.1
CZ,total,2015,5
CZ,total,2016,3.8
CZ,total,2017,3.1
CZ,total,2018,2.7
CZ,total,2019,2.8
CZ,total,2020,2.2
CZ,total,2021,2.2
CZ,total,2022,2.9
CZ,total,2023,6.1
CZ,total,2024,4.9
CZ,total,2025,4.1
DE,below_at_risk_of_poverty,2005,13.7
DE,below_at_risk_of_poverty,2006,15
DE,below_at_risk_of_poverty,2007,14.9
DE,below_at_risk_of_poverty,2008,17.2
DE,below_at_risk_of_poverty,2009,16.2
DE,below_at_risk_of_poverty,2010,15.7
DE,below_at_risk_of_poverty,2011,16.8
DE,below_at_risk_of_poverty,2012,14.8
DE,below_at_risk_of_poverty,2013,16.5
DE,below_at_risk_of_poverty,2014,13.3
DE,below_at_risk_of_poverty,2015,12.7
DE,below_at_risk_of_poverty,2016,12.4
DE,below_at_risk_of_poverty,2017,9.8
DE,below_at_risk_of_poverty,2018,8.9
DE,below_at_risk_of_poverty,2019,8.2
DE,below_at_risk_of_poverty,2020,16
DE,below_at_risk_of_poverty,2021,7.8
DE,below_at_risk_of_poverty,2022,13.7
DE,below_at_risk_of_poverty,2023,14.3
DE,below_at_risk_of_poverty,2024,12.2
DE,below_at_risk_of_poverty,2025,12.6
DE,total,2005,4.6
DE,total,2006,5.5
DE,total,2007,5.4
DE,total,2008,5.9
DE,total,2009,5.5
DE,total,2010,5
DE,total,2011,5.2
DE,total,2012,4.7
DE,total,2013,5.3
DE,total,2014,4.9
DE,total,2015,4.1
DE,total,2016,3.7
DE,total,2017,3.3
DE,total,2018,2.7
DE,total,2019,2.5
DE,total,2020,7
DE,total,2021,3.3
DE,total,2022,6.7
DE,total,2023,8.2
DE,total,2024,6.3
DE,total,2025,5.7
DK,below_at_risk_of_poverty,2003,16.2
DK,below_at_risk_of_poverty,2004,14.2
DK,below_at_risk_of_poverty,2005,14.5
DK,below_at_risk_of_poverty,2006,16.4
DK,below_at_risk_of_poverty,2007,18.2
DK,below_at_risk_of_poverty,2008,6
DK,below_at_risk_of_poverty,2009,2.8
DK,below_at_risk_of_poverty,2010,4.9
DK,below_at_risk_of_poverty,2011,7.4
DK,below_at_risk_of_poverty,2012,8.4
DK,below_at_risk_of_poverty,2013,10.2
DK,below_at_risk_of_poverty,2014,5.8
DK,below_at_risk_of_poverty,2015,12.7
DK,below_at_risk_of_poverty,2016,7.9
DK,below_at_risk_of_poverty,2017,6.6
DK,below_at_risk_of_poverty,2018,7.8
DK,below_at_risk_of_poverty,2019,8.4
DK,below_at_risk_of_poverty,2020,10.9
DK,below_at_risk_of_poverty,2021,8.9
DK,below_at_risk_of_poverty,2022,9.4
DK,below_at_risk_of_poverty,2023,14.1
DK,below_at_risk_of_poverty,2024,7.8
DK,below_at_risk_of_poverty,2025,11.7
DK,total,2003,10.5
DK,total,2004,10.1
DK,total,2005,8.9
DK,total,2006,9.4
DK,total,2007,10.3
DK,total,2008,1.7
DK,total,2009,1.5
DK,total,2010,1.9
DK,total,2011,2.3
DK,total,2012,2.5
DK,total,2013,3.8
DK,total,2014,2.9
DK,total,2015,3.6
DK,total,2016,2.7
DK,total,2017,2.7
DK,total,2018,3
DK,total,2019,2.8
DK,total,2020,3
DK,total,2021,2.8
DK,total,2022,5.1
DK,total,2023,6.9
DK,total,2024,4.4
DK,total,2025,4.5
EA,below_at_risk_of_poverty,2011,21.6
EA,below_at_risk_of_poverty,2012,24
EA,below_at_risk_of_poverty,2013,23.6
EA,below_at_risk_of_poverty,2014,23.7
EA,below_at_risk_of_poverty,2015,23
EA,below_at_risk_of_poverty,2016,21.6
EA,below_at_risk_of_poverty,2017,19.5
EA,below_at_risk_of_poverty,2018,19.2
EA,below_at_risk_of_poverty,2019,18.5
EA,below_at_risk_of_poverty,2020,18.3
EA,below_at_risk_of_poverty,2021,16.6
EA,total,2011,8.8
EA,total,2012,10.1
EA,total,2013,9.9
EA,total,2014,10.1
EA,total,2015,9.4
EA,total,2016,8.8
EA,total,2017,8
EA,total,2018,7.6
EA,total,2019,6.9
EA,total,2020,7.9
EA,total,2021,7.1
EA18,below_at_risk_of_poverty,2005,20.2
EA18,below_at_risk_of_poverty,2006,20.8
EA18,below_at_risk_of_poverty,2007,19.8
EA18,below_at_risk_of_poverty,2008,18.8
EA18,below_at_risk_of_poverty,2009,19
EA18,below_at_risk_of_poverty,2010,20
EA18,below_at_risk_of_poverty,2011,21.7
EA18,below_at_risk_of_poverty,2012,24.1
EA18,below_at_risk_of_poverty,2013,23.7
EA18,below_at_risk_of_poverty,2014,23.7
EA18,below_at_risk_of_poverty,2015,22.8
EA18,below_at_risk_of_poverty,2016,21.6
EA18,below_at_risk_of_poverty,2017,19.3
EA18,below_at_risk_of_poverty,2018,19
EA18,below_at_risk_of_poverty,2019,18.3
EA18,below_at_risk_of_poverty,2020,18.1
EA18,total,2005,8.6
EA18,total,2006,8.7
EA18,total,2007,8.1
EA18,total,2008,7.8
EA18,total,2009,7.5
EA18,total,2010,7.8
EA18,total,2011,8.9
EA18,total,2012,10.1
EA18,total,2013,10
EA18,total,2014,10.1
EA18,total,2015,9.3
EA18,total,2016,8.6
EA18,total,2017,7.8
EA18,total,2018,7.4
EA18,total,2019,6.7
EA18,total,2020,7.7
EA19,below_at_risk_of_poverty,2005,20.5
EA19,below_at_risk_of_poverty,2006,21
EA19,below_at_risk_of_poverty,2007,20
EA19,below_at_risk_of_poverty,2008,19
EA19,below_at_risk_of_poverty,2009,19.1
EA19,below_at_risk_of_poverty,2010,20.2
EA19,below_at_risk_of_poverty,2011,21.9
EA19,below_at_risk_of_poverty,2012,24.2
EA19,below_at_risk_of_poverty,2013,23.8
EA19,below_at_risk_of_poverty,2014,23.8
EA19,below_at_risk_of_poverty,2015,23
EA19,below_at_risk_of_poverty,2016,21.6
EA19,below_at_risk_of_poverty,2017,19.5
EA19,below_at_risk_of_poverty,2018,19.2
EA19,below_at_risk_of_poverty,2019,18.5
EA19,below_at_risk_of_poverty,2020,18.3
EA19,below_at_risk_of_poverty,2021,16.6
EA19,total,2005,8.9
EA19,total,2006,8.9
EA19,total,2007,8.3
EA19,total,2008,8
EA19,total,2009,7.7
EA19,total,2010,8
EA19,total,2011,9.2
EA19,total,2012,10.4
EA19,total,2013,10.1
EA19,total,2014,10.2
EA19,total,2015,9.4
EA19,total,2016,8.8
EA19,total,2017,8
EA19,total,2018,7.6
EA19,total,2019,6.9
EA19,total,2020,7.9
EA19,total,2021,7.1
EA20,below_at_risk_of_poverty,2014,23.7
EA20,below_at_risk_of_poverty,2015,23
EA20,below_at_risk_of_poverty,2016,21.6
EA20,below_at_risk_of_poverty,2017,19.5
EA20,below_at_risk_of_poverty,2018,19.2
EA20,below_at_risk_of_poverty,2019,18.5
EA20,below_at_risk_of_poverty,2020,18.3
EA20,below_at_risk_of_poverty,2021,16.6
EA20,below_at_risk_of_poverty,2022,20.6
EA20,below_at_risk_of_poverty,2023,23.2
EA20,below_at_risk_of_poverty,2024,20.8
EA20,below_at_risk_of_poverty,2025,20.6
EA20,total,2014,10.1
EA20,total,2015,9.4
EA20,total,2016,8.8
EA20,total,2017,8
EA20,total,2018,7.6
EA20,total,2019,6.9
EA20,total,2020,7.8
EA20,total,2021,7.1
EA20,total,2022,9.7
EA20,total,2023,11.3
EA20,total,2024,9.9
EA20,total,2025,9.4
EA21,below_at_risk_of_poverty,2025,20.9
EA21,total,2025,9.5
EE,below_at_risk_of_poverty,2004,10.5
EE,below_at_risk_of_poverty,2005,5.9
EE,below_at_risk_of_poverty,2006,5
EE,below_at_risk_of_poverty,2007,8.3
EE,below_at_risk_of_poverty,2008,3
EE,below_at_risk_of_poverty,2009,4.7
EE,below_at_risk_of_poverty,2010,9
EE,below_at_risk_of_poverty,2011,8.1
EE,below_at_risk_of_poverty,2012,9.6
EE,below_at_risk_of_poverty,2013,5.7
EE,below_at_risk_of_poverty,2014,3.7
EE,below_at_risk_of_poverty,2015,6.1
EE,below_at_risk_of_poverty,2016,6.1
EE,below_at_risk_of_poverty,2017,8.1
EE,below_at_risk_of_poverty,2018,4.2
EE,below_at_risk_of_poverty,2019,6.2
EE,below_at_risk_of_poverty,2020,5.5
EE,below_at_risk_of_poverty,2021,3.2
EE,below_at_risk_of_poverty,2022,5.9
EE,below_at_risk_of_poverty,2023,8.1
EE,below_at_risk_of_poverty,2024,6.7
EE,below_at_risk_of_poverty,2025,5.7
EE,total,2004,5.8
EE,total,2005,2.6
EE,total,2006,2.3
EE,total,2007,3.6
EE,total,2008,1.1
EE,total,2009,1.7
EE,total,2010,3.1
EE,total,2011,3
EE,total,2012,4.2
EE,total,2013,2.9
EE,total,2014,1.7
EE,total,2015,2
EE,total,2016,2.7
EE,total,2017,2.9
EE,total,2018,2.3
EE,total,2019,2.5
EE,total,2020,2.7
EE,total,2021,2
EE,total,2022,3.4
EE,total,2023,4.1
EE,total,2024,3.6
EE,total,2025,3.1
EL,below_at_risk_of_poverty,2003,37.4
EL,below_at_risk_of_poverty,2004,32
EL,below_at_risk_of_poverty,2005,30.3
EL,below_at_risk_of_poverty,2006,24.7
EL,below_at_risk_of_poverty,2007,29.4
EL,below_at_risk_of_poverty,2008,29.9
EL,below_at_risk_of_poverty,2009,36.8
EL,below_at_risk_of_poverty,2010,38.4
EL,below_at_risk_of_poverty,2011,38.8
EL,below_at_risk_of_poverty,2012,47.6
EL,below_at_risk_of_poverty,2013,48.4
EL,below_at_risk_of_poverty,2014,52.6
EL,below_at_risk_of_poverty,2015,50.9
EL,below_at_risk_of_poverty,2016,52.5
EL,below_at_risk_of_poverty,2017,45.3
EL,below_at_risk_of_poverty,2018,41.2
EL,below_at_risk_of_poverty,2019,34.4
EL,below_at_risk_of_poverty,2020,39.2
EL,below_at_risk_of_poverty,2021,36.8
EL,below_at_risk_of_poverty,2022,38.9
EL,below_at_risk_of_poverty,2023,39.8
EL,below_at_risk_of_poverty,2024,43.6
EL,below_at_risk_of_poverty,2025,36.1
EL,total,2003,17.4
EL,total,2004,16.8
EL,total,2005,15.7
EL,total,2006,12
EL,total,2007,13.8
EL,total,2008,15.4
EL,total,2009,15.7
EL,total,2010,15.4
EL,total,2011,18.6
EL,total,2012,26.1
EL,total,2013,29.5
EL,total,2014,32.9
EL,total,2015,29.2
EL,total,2016,29.1
EL,total,2017,25.7
EL,total,2018,22.7
EL,total,2019,17.9
EL,total,2020,17.1
EL,total,2021,17.5
EL,total,2022,18.7
EL,total,2023,19.2
EL,total,2024,19
EL,total,2025,18.1
ES,below_at_risk_of_poverty,2004,17.1
ES,below_at_risk_of_poverty,2005,17.1
ES,below_at_risk_of_poverty,2006,21.4
ES,below_at_risk_of_poverty,2007,17.2
ES,below_at_risk_of_poverty,2008,13.1
ES,below_at_risk_of_poverty,2009,15.2
ES,below_at_risk_of_poverty,2010,15.6
ES,below_at_risk_of_poverty,2011,13.2
ES,below_at_risk_of_poverty,2012,18.9
ES,below_at_risk_of_poverty,2013,15.6
ES,below_at_risk_of_poverty,2014,23.5
ES,below_at_risk_of_poverty,2015,23.3
ES,below_at_risk_of_poverty,2016,23.2
ES,below_at_risk_of_poverty,2017,19.4
ES,below_at_risk_of_poverty,2018,20.8
ES,below_at_risk_of_poverty,2019,19.6
ES,below_at_risk_of_poverty,2020,22.3
ES,below_at_risk_of_poverty,2021,27.7
ES,below_at_risk_of_poverty,2022,30.1
ES,below_at_risk_of_poverty,2023,34.3
ES,below_at_risk_of_poverty,2024,31.4
ES,below_at_risk_of_poverty,2025,28.3
ES,total,2004,9.5
ES,total,2005,9.4
ES,total,2006,10.1
ES,total,2007,8
ES,total,2008,5.9
ES,total,2009,7.2
ES,total,2010,7.5
ES,total,2011,6.5
ES,total,2012,9.1
ES,total,2013,8
ES,total,2014,11.1
ES,total,2015,10.6
ES,total,2016,10.1
ES,total,2017,8
ES,total,2018,9.1
ES,total,2019,7.5
ES,total,2020,10.9
ES,total,2021,14.2
ES,total,2022,17.1
ES,total,2023,20.8
ES,total,2024,17.5
ES,total,2025,15.9
EU,below_at_risk_of_poverty,2011,22
EU,below_at_risk_of_poverty,2012,24.5
EU,below_at_risk_of_poverty,2013,24.1
EU,below_at_risk_of_poverty,2014,23.5
EU,below_at_risk_of_poverty,2015,22.7
EU,below_at_risk_of_poverty,2016,21
EU,below_at_risk_of_poverty,2017,18.4
EU,below_at_risk_of_poverty,2018,17.9
EU,below_at_risk_of_poverty,2019,17.2
EU,total,2011,9.8
EU,total,2012,10.8
EU,total,2013,10.7
EU,total,2014,10.3
EU,total,2015,9.4
EU,total,2016,8.7
EU,total,2017,7.8
EU,total,2018,7.3
EU,total,2019,6.7
EU27_2007,below_at_risk_of_poverty,2007,22.9
EU27_2007,below_at_risk_of_poverty,2008,20.9
EU27_2007,below_at_risk_of_poverty,2009,20.5
EU27_2007,below_at_risk_of_poverty,2010,21.1
EU27_2007,below_at_risk_of_poverty,2011,22
EU27_2007,below_at_risk_of_poverty,2012,24.5
EU27_2007,below_at_risk_of_poverty,2013,24.1
EU27_2007,below_at_risk_of_poverty,2014,23.5
EU27_2007,below_at_risk_of_poverty,2015,22.7
EU27_2007,below_at_risk_of_poverty,2016,21
EU27_2007,below_at_risk_of_poverty,2017,18.4
EU27_2007,below_at_risk_of_poverty,2018,17.9
EU27_2007,below_at_risk_of_poverty,2019,17.2
EU27_2007,total,2007,10.9
EU27_2007,total,2008,10.1
EU27_2007,total,2009,9.3
EU27_2007,total,2010,9.5
EU27_2007,total,2011,9.8
EU27_2007,total,2012,10.8
EU27_2007,total,2013,10.8
EU27_2007,total,2014,10.3
EU27_2007,total,2015,9.4
EU27_2007,total,2016,8.7
EU27_2007,total,2017,7.8
EU27_2007,total,2018,7.3
EU27_2007,total,2019,6.7
EU27_2020,below_at_risk_of_poverty,2010,22.4
EU27_2020,below_at_risk_of_poverty,2011,23.4
EU27_2020,below_at_risk_of_poverty,2012,25.2
EU27_2020,below_at_risk_of_poverty,2013,24.5
EU27_2020,below_at_risk_of_poverty,2014,23.9
EU27_2020,below_at_risk_of_poverty,2015,23.3
EU27_2020,below_at_risk_of_poverty,2016,21.8
EU27_2020,below_at_risk_of_poverty,2017,19.3
EU27_2020,below_at_risk_of_poverty,2018,19
EU27_2020,below_at_risk_of_poverty,2019,18.2
EU27_2020,below_at_risk_of_poverty,2020,18.2
EU27_2020,below_at_risk_of_poverty,2021,16.4
EU27_2020,below_at_risk_of_poverty,2022,20.1
EU27_2020,below_at_risk_of_poverty,2023,22.1
EU27_2020,below_at_risk_of_poverty,2024,19.7
EU27_2020,below_at_risk_of_poverty,2025,19.6
EU27_2020,total,2010,9.9
EU27_2020,total,2011,10.3
EU27_2020,total,2012,11.2
EU27_2020,total,2013,10.8
EU27_2020,total,2014,10.4
EU27_2020,total,2015,9.6
EU27_2020,total,2016,9
EU27_2020,total,2017,8.1
EU27_2020,total,2018,7.6
EU27_2020,total,2019,6.9
EU27_2020,total,2020,7.5
EU27_2020,total,2021,6.9
EU27_2020,total,2022,9.3
EU27_2020,total,2023,10.6
EU27_2020,total,2024,9.2
EU27_2020,total,2025,8.8
EU28,below_at_risk_of_poverty,2010,21.1
EU28,below_at_risk_of_poverty,2011,22
EU28,below_at_risk_of_poverty,2012,24.5
EU28,below_at_risk_of_poverty,2013,24.1
EU28,below_at_risk_of_poverty,2014,23.5
EU28,below_at_risk_of_poverty,2015,22.7
EU28,below_at_risk_of_poverty,2016,21
EU28,below_at_risk_of_poverty,2017,18.4
EU28,below_at_risk_of_poverty,2018,17.9
EU28,below_at_risk_of_poverty,2019,17.2
EU28,total,2010,9.5
EU28,total,2011,9.8
EU28,total,2012,10.8
EU28,total,2013,10.7
EU28,total,2014,10.3
EU28,total,2015,9.4
EU28,total,2016,8.7
EU28,total,2017,7.8
EU28,total,2018,7.3
EU28,total,2019,6.7
FI,below_at_risk_of_poverty,2004,3.6
FI,below_at_risk_of_poverty,2005,4
FI,below_at_risk_of_poverty,2006,4.8
FI,below_at_risk_of_poverty,2007,2.6
FI,below_at_risk_of_poverty,2008,4.3
FI,below_at_risk_of_poverty,2009,3.5
FI,below_at_risk_of_poverty,2010,3.5
FI,below_at_risk_of_poverty,2011,3.8
FI,below_at_risk_of_poverty,2012,3.8
FI,below_at_risk_of_poverty,2013,2.8
FI,below_at_risk_of_poverty,2014,3.3
FI,below_at_risk_of_poverty,2015,3.7
FI,below_at_risk_of_poverty,2016,3.8
FI,below_at_risk_of_poverty,2017,2.3
FI,below_at_risk_of_poverty,2018,3.1
FI,below_at_risk_of_poverty,2019,4.3
FI,below_at_risk_of_poverty,2020,2.6
FI,below_at_risk_of_poverty,2021,4.1
FI,below_at_risk_of_poverty,2022,3.9
FI,below_at_risk_of_poverty,2023,3.8
FI,below_at_risk_of_poverty,2024,5.7
FI,below_at_risk_of_poverty,2025,6.1
FI,total,2004,3.3
FI,total,2005,2.6
FI,total,2006,2.4
FI,total,2007,1.1
FI,total,2008,1.9
FI,total,2009,1.3
FI,total,2010,1.4
FI,total,2011,1.8
FI,total,2012,1.5
FI,total,2013,1.2
FI,total,2014,1.5
FI,total,2015,1.7
FI,total,2016,1.7
FI,total,2017,2
FI,total,2018,1.7
FI,total,2019,1.8
FI,total,2020,1.8
FI,total,2021,1.3
FI,total,2022,1.4
FI,total,2023,2.6
FI,total,2024,2.7
FI,total,2025,2.6
FR,below_at_risk_of_poverty,2004,16.5
FR,below_at_risk_of_poverty,2005,12.9
FR,below_at_risk_of_poverty,2006,15.7
FR,below_at_risk_of_poverty,2007,12.8
FR,below_at_risk_of_poverty,2008,11.5
FR,below_at_risk_of_poverty,2009,15
FR,below_at_risk_of_poverty,2010,15.3
FR,below_at_risk_of_poverty,2011,16.9
FR,below_at_risk_of_poverty,2012,15.2
FR,below_at_risk_of_poverty,2013,17.7
FR,below_at_risk_of_poverty,2014,15
FR,below_at_risk_of_poverty,2015,16.3
FR,below_at_risk_of_poverty,2016,14
FR,below_at_risk_of_poverty,2017,15
FR,below_at_risk_of_poverty,2018,15.6
FR,below_at_risk_of_poverty,2019,17.8
FR,below_at_risk_of_poverty,2020,18.5
FR,below_at_risk_of_poverty,2021,15.5
FR,below_at_risk_of_poverty,2022,23.5
FR,below_at_risk_of_poverty,2023,25.1
FR,below_at_risk_of_poverty,2024,22.4
FR,below_at_risk_of_poverty,2025,23.5
FR,total,2004,5.9
FR,total,2005,5.3
FR,total,2006,5.9
FR,total,2007,4.6
FR,total,2008,5.3
FR,total,2009,5.5
FR,total,2010,5.7
FR,total,2011,6
FR,total,2012,6
FR,total,2013,6.6
FR,total,2014,5.9
FR,total,2015,5.5
FR,total,2016,5
FR,total,2017,4.9
FR,total,2018,5
FR,total,2019,6.2
FR,total,2020,6.7
FR,total,2021,6
FR,total,2022,10.7
FR,total,2023,12.1
FR,total,2024,11.8
FR,total,2025,11.5
HR,below_at_risk_of_poverty,2010,18.9
HR,below_at_risk_of_poverty,2011,22.5
HR,below_at_risk_of_poverty,2012,23.9
HR,below_at_risk_of_poverty,2013,24
HR,below_at_risk_of_poverty,2014,24.3
HR,below_at_risk_of_poverty,2015,23.7
HR,below_at_risk_of_poverty,2016,21.7
HR,below_at_risk_of_poverty,2017,20.3
HR,below_at_risk_of_poverty,2018,21.2
HR,below_at_risk_of_poverty,2019,19.1
HR,below_at_risk_of_poverty,2020,17.5
HR,below_at_risk_of_poverty,2021,18.2
HR,below_at_risk_of_poverty,2022,21.9
HR,below_at_risk_of_poverty,2023,18.1
HR,below_at_risk_of_poverty,2024,13.4
HR,below_at_risk_of_poverty,2025,13.7
HR,total,2010,8.3
HR,total,2011,9.8
HR,total,2012,10.2
HR,total,2013,9.9
HR,total,2014,9.7
HR,total,2015,9.9
HR,total,2016,9.3
HR,total,2017,7.4
HR,total,2018,7.7
HR,total,2019,6.6
HR,total,2020,5.7
HR,total,2021,5.7
HR,total,2022,7
HR,total,2023,6.2
HR,total,2024,4.6
HR,total,2025,4.2
HU,below_at_risk_of_poverty,2005,33.9
HU,below_at_risk_of_poverty,2006,26
HU,below_at_risk_of_poverty,2007,23.7
HU,below_at_risk_of_poverty,2008,21.1
HU,below_at_risk_of_poverty,2009,16.8
HU,below_at_risk_of_poverty,2010,23.2
HU,below_at_risk_of_poverty,2011,29.4
HU,below_at_risk_of_poverty,2012,35.1
HU,below_at_risk_of_poverty,2013,34
HU,below_at_risk_of_poverty,2014,29.4
HU,below_at_risk_of_poverty,2015,24.7
HU,below_at_risk_of_poverty,2016,22.7
HU,below_at_risk_of_poverty,2017,15
HU,below_at_risk_of_poverty,2018,19.9
HU,below_at_risk_of_poverty,2019,13.7
HU,below_at_risk_of_poverty,2020,16.7
HU,below_at_risk_of_poverty,2021,18.2
HU,below_at_risk_of_poverty,2022,10
HU,below_at_risk_of_poverty,2023,19.2
HU,below_at_risk_of_poverty,2024,17.8
HU,below_at_risk_of_poverty,2025,16.8
HU,total,2005,17.7
HU,total,2006,14.8
HU,total,2007,10.8
HU,total,2008,9.7
HU,total,2009,8.9
HU,total,2010,10.7
HU,total,2011,12.2
HU,total,2012,15
HU,total,2013,14.6
HU,total,2014,11.6
HU,total,2015,9.6
HU,total,2016,9.2
HU,total,2017,6.8
HU,total,2018,6.1
HU,total,2019,5.4
HU,total,2020,4.1
HU,total,2021,5.4
HU,total,2022,4.6
HU,total,2023,7.1
HU,total,2024,6
HU,total,2025,5.8
IE,below_at_risk_of_poverty,2003,8.2
IE,below_at_risk_of_poverty,2004,7.8
IE,below_at_risk_of_poverty,2005,11.4
IE,below_at_risk_of_poverty,2006,10.4
IE,below_at_risk_of_poverty,2007,9.9
IE,below_at_risk_of_poverty,2008,7.6
IE,below_at_risk_of_poverty,2009,10.3
IE,below_at_risk_of_poverty,2010,16
IE,below_at_risk_of_poverty,2011,12.5
IE,below_at_risk_of_poverty,2012,16.2
IE,below_at_risk_of_poverty,2013,19.5
IE,below_at_risk_of_poverty,2014,17.1
IE,below_at_risk_of_poverty,2015,18.6
IE,below_at_risk_of_poverty,2016,14.8
IE,below_at_risk_of_poverty,2017,12.7
IE,below_at_risk_of_poverty,2018,11.6
IE,below_at_risk_of_poverty,2019,13.6
IE,below_at_risk_of_poverty,2020,6.8
IE,below_at_risk_of_poverty,2021,8.3
IE,below_at_risk_of_poverty,2022,12.3
IE,below_at_risk_of_poverty,2023,13.3
IE,below_at_risk_of_poverty,2024,14.8
IE,below_at_risk_of_poverty,2025,10.7
IE,total,2003,3.2
IE,total,2004,3.3
IE,total,2005,4
IE,total,2006,3.8
IE,total,2007,3.5
IE,total,2008,3.7
IE,total,2009,4.1
IE,total,2010,6.8
IE,total,2011,6.8
IE,total,2012,8.4
IE,total,2013,10
IE,total,2014,8.9
IE,total,2015,9
IE,total,2016,5.9
IE,total,2017,4.4
IE,total,2018,4.4
IE,total,2019,5.1
IE,total,2020,3.6
IE,total,2021,3.4
IE,total,2022,6.8
IE,total,2023,7.2
IE,total,2024,4.9
IE,total,2025,4.5
IS,below_at_risk_of_poverty,2004,11.5
IS,below_at_risk_of_poverty,2005,12.6
IS,below_at_risk_of_poverty,2006,13.4
IS,below_at_risk_of_poverty,2007,13.2
IS,below_at_risk_of_poverty,2008,2.6
IS,below_at_risk_of_poverty,2009,1.5
IS,below_at_risk_of_poverty,2010,2.2
IS,below_at_risk_of_poverty,2011,3.7
IS,below_at_risk_of_poverty,2012,3.5
IS,below_at_risk_of_poverty,2013,2.7
IS,below_at_risk_of_poverty,2014,4.4
IS,below_at_risk_of_poverty,2015,2.9
IS,below_at_risk_of_poverty,2016,3.6
IS,below_at_risk_of_poverty,2017,1.9
IS,below_at_risk_of_poverty,2018,2.6
IS,below_at_risk_of_poverty,2019,4.9
IS,below_at_risk_of_poverty,2020,0.6
IS,total,2004,7.4
IS,total,2005,9.3
IS,total,2006,10.5
IS,total,2007,9.1
IS,total,2008,1
IS,total,2009,1
IS,total,2010,1.4
IS,total,2011,2
IS,total,2012,1.5
IS,total,2013,1.4
IS,total,2014,1.8
IS,total,2015,1.4
IS,total,2016,1.6
IS,total,2017,1.2
IS,total,2018,1
IS,total,2019,1.3
IS,total,2020,1
IT,below_at_risk_of_poverty,2004,25.5
IT,below_at_risk_of_poverty,2005,26.5
IT,below_at_risk_of_poverty,2006,24.4
IT,below_at_risk_of_poverty,2007,25
IT,below_at_risk_of_poverty,2008,26.1
IT,below_at_risk_of_poverty,2009,26.3
IT,below_at_risk_of_poverty,2010,28
IT,below_at_risk_of_poverty,2011,36.1
IT,below_at_risk_of_poverty,2012,44
IT,below_at_risk_of_poverty,2013,40.4
IT,below_at_risk_of_poverty,2014,38.3
IT,below_at_risk_of_poverty,2015,35.9
IT,below_at_risk_of_poverty,2016,32.4
IT,below_at_risk_of_poverty,2017,29.1
IT,below_at_risk_of_poverty,2018,30
IT,below_at_risk_of_poverty,2019,26.3
IT,below_at_risk_of_poverty,2020,17.2
IT,below_at_risk_of_poverty,2021,17
IT,below_at_risk_of_poverty,2022,17.6
IT,below_at_risk_of_poverty,2023,21.6
IT,below_at_risk_of_poverty,2024,18.4
IT,below_at_risk_of_poverty,2025,20.9
IT,total,2004,10.9
IT,total,2005,11
IT,total,2006,10.4
IT,total,2007,10.7
IT,total,2008,11.4
IT,total,2009,10.8
IT,total,2010,11.6
IT,total,2011,17.8
IT,total,2012,21.3
IT,total,2013,18.8
IT,total,2014,18
IT,total,2015,17
IT,total,2016,16.1
IT,total,2017,15.2
IT,total,2018,14.1
IT,total,2019,11.1
IT,total,2020,8.3
IT,total,2021,8.1
IT,total,2022,8.8
IT,total,2023,9.5
IT,total,2024,8.6
IT,total,2025,8.6
LT,below_at_risk_of_poverty,2005,45.1
LT,below_at_risk_of_poverty,2006,36.9
LT,below_at_risk_of_poverty,2007,33.9
LT,below_at_risk_of_poverty,2008,30.9
LT,below_at_risk_of_poverty,2009,32.4
LT,below_at_risk_of_poverty,2010,34.1
LT,below_at_risk_of_poverty,2011,40.1
LT,below_at_risk_of_poverty,2012,38.2
LT,below_at_risk_of_poverty,2013,34
LT,below_at_risk_of_poverty,2014,34.7
LT,below_at_risk_of_poverty,2015,39.4
LT,below_at_risk_of_poverty,2016,29.8
LT,below_at_risk_of_poverty,2017,35.6
LT,below_at_risk_of_poverty,2018,35.5
LT,below_at_risk_of_poverty,2019,38.4
LT,below_at_risk_of_poverty,2020,33.6
LT,below_at_risk_of_poverty,2021,30.9
LT,below_at_risk_of_poverty,2022,28.8
LT,below_at_risk_of_poverty,2023,35.1
LT,below_at_risk_of_poverty,2024,33.8
LT,below_at_risk_of_poverty,2025,31.6
LT,total,2005,34.8
LT,total,2006,27.6
LT,total,2007,22.4
LT,total,2008,22.6
LT,total,2009,24.1
LT,total,2010,25.2
LT,total,2011,36.2
LT,total,2012,34.1
LT,total,2013,29.2
LT,total,2014,26.5
LT,total,2015,31.1
LT,total,2016,29.3
LT,total,2017,28.9
LT,total,2018,27.9
LT,total,2019,26.7
LT,total,2020,23.1
LT,total,2021,22.5
LT,total,2022,17.5
LT,total,2023,20
LT,total,2024,18
LT,total,2025,16.7
LU,below_at_risk_of_poverty,2003,3.3
LU,below_at_risk_of_poverty,2004,3.9
LU,below_at_risk_of_poverty,2005,3.2
LU,below_at_risk_of_poverty,2006,2.9
LU,below_at_risk_of_poverty,2007,2.3
LU,below_at_risk_of_poverty,2008,3
LU,below_at_risk_of_poverty,2009,1.1
LU,below_at_risk_of_poverty,2010,1.7
LU,below_at_risk_of_poverty,2011,2.2
LU,below_at_risk_of_poverty,2012,2.2
LU,below_at_risk_of_poverty,2013,4.5
LU,below_at_risk_of_poverty,2014,2
LU,below_at_risk_of_poverty,2015,3.3
LU,below_at_risk_of_poverty,2016,4.1
LU,below_at_risk_of_poverty,2017,4.2
LU,below_at_risk_of_poverty,2018,5.8
LU,below_at_risk_of_poverty,2019,4.5
LU,below_at_risk_of_poverty,2020,5.8
LU,below_at_risk_of_poverty,2021,5.1
LU,below_at_risk_of_poverty,2022,5.4
LU,below_at_risk_of_poverty,2023,4.4
LU,below_at_risk_of_poverty,2024,5.5
LU,below_at_risk_of_poverty,2025,8.7
LU,total,2003,1.1
LU,total,2004,0.7
LU,total,2005,0.9
LU,total,2006,0.6
LU,total,2007,0.5
LU,total,2008,0.9
LU,total,2009,0.3
LU,total,2010,0.5
LU,total,2011,0.9
LU,total,2012,0.6
LU,total,2013,1.6
LU,total,2014,0.6
LU,total,2015,0.9
LU,total,2016,1.7
LU,total,2017,1.9
LU,total,2018,2.1
LU,total,2019,2.4
LU,total,2020,3.6
LU,total,2021,2.5
LU,total,2022,2.1
LU,total,2023,2.1
LU,total,2024,3.6
LU,total,2025,3.5
LV,below_at_risk_of_poverty,2005,44.7
LV,below_at_risk_of_poverty,2006,38.9
LV,below_at_risk_of_poverty,2007,40.1
LV,below_at_risk_of_poverty,2008,33
LV,below_at_risk_of_poverty,2009,28.9
LV,below_at_risk_of_poverty,2010,33.7
LV,below_at_risk_of_poverty,2011,40.8
LV,below_at_risk_of_poverty,2012,35.1
LV,below_at_risk_of_poverty,2013,35.5
LV,below_at_risk_of_poverty,2014,31
LV,below_at_risk_of_poverty,2015,29.1
LV,below_at_risk_of_poverty,2016,22.7
LV,below_at_risk_of_poverty,2017,20.3
LV,below_at_risk_of_poverty,2018,15.4
LV,below_at_risk_of_poverty,2019,15.9
LV,below_at_risk_of_poverty,2020,13.2
LV,below_at_risk_of_poverty,2021,12.4
LV,below_at_risk_of_poverty,2022,18.3
LV,below_at_risk_of_poverty,2023,15.8
LV,below_at_risk_of_poverty,2024,13.7
LV,below_at_risk_of_poverty,2025,12.8
LV,total,2005,29.8
LV,total,2006,25.7
LV,total,2007,20.9
LV,total,2008,16.8
LV,total,2009,16.4
LV,total,2010,19.1
LV,total,2011,22.5
LV,total,2012,19.9
LV,total,2013,21.1
LV,total,2014,16.8
LV,total,2015,14.5
LV,total,2016,10.6
LV,total,2017,9.7
LV,total,2018,7.5
LV,total,2019,8
LV,total,2020,6
LV,total,2021,4.9
LV,total,2022,7.1
LV,total,2023,6.6
LV,total,2024,4.9
LV,total,2025,4.3
ME,below_at_risk_of_poverty,2013,23.1
ME,below_at_risk_of_poverty,2014,12.5
ME,below_at_risk_of_poverty,2015,17.9
ME,below_at_risk_of_poverty,2016,19.2
ME,below_at_risk_of_poverty,2017,16.5
ME,below_at_risk_of_poverty,2018,36
ME,below_at_risk_of_poverty,2019,27.3
ME,below_at_risk_of_poverty,2020,33.1
ME,below_at_risk_of_poverty,2021,29.4
ME,below_at_risk_of_poverty,2022,29.6
ME,below_at_risk_of_poverty,2023,17.2
ME,total,2013,12.4
ME,total,2014,8.6
ME,total,2015,8.6
ME,total,2016,6.3
ME,total,2017,4.5
ME,total,2018,11.2
ME,total,2019,10.3
ME,total,2020,13.2
ME,total,2021,18
ME,total,2022,13.9
ME,total,2023,13.3
MK,below_at_risk_of_poverty,2010,49
MK,below_at_risk_of_poverty,2011,48.9
MK,below_at_risk_of_poverty,2012,45.9
MK,below_at_risk_of_poverty,2013,41.2
MK,below_at_risk_of_poverty,2014,51
MK,below_at_risk_of_poverty,2015,44.2
MK,below_at_risk_of_poverty,2016,39
MK,below_at_risk_of_poverty,2017,33.8
MK,below_at_risk_of_poverty,2018,37.7
MK,below_at_risk_of_poverty,2019,46.7
MK,below_at_risk_of_poverty,2020,39.6
MK,below_at_risk_of_poverty,2021,39.7
MK,below_at_risk_of_poverty,2022,44
MK,below_at_risk_of_poverty,2023,44.3
MK,below_at_risk_of_poverty,2024,37.6
MK,total,2010,28.8
MK,total,2011,26.7
MK,total,2012,26.8
MK,total,2013,26.4
MK,total,2014,26.1
MK,total,2015,23.4
MK,total,2016,25.7
MK,total,2017,24
MK,total,2018,24.9
MK,total,2019,33.1
MK,total,2020,23.8
MK,total,2021,29.7
MK,total,2022,34.7
MK,total,2023,30.7
MK,total,2024,27
MT,below_at_risk_of_poverty,2005,17.2
MT,below_at_risk_of_poverty,2006,16.8
MT,below_at_risk_of_poverty,2007,16.5
MT,below_at_risk_of_poverty,2008,13.9
MT,below_at_risk_of_poverty,2009,17.5
MT,below_at_risk_of_poverty,2010,25.1
MT,below_at_risk_of_poverty,2011,28.1
MT,below_at_risk_of_poverty,2012,32.1
MT,below_at_risk_of_poverty,2013,35.5
MT,below_at_risk_of_poverty,2014,36.4
MT,below_at_risk_of_poverty,2015,27.4
MT,below_at_risk_of_poverty,2016,13.3
MT,below_at_risk_of_poverty,2017,15.8
MT,below_at_risk_of_poverty,2018,15.8
MT,below_at_risk_of_poverty,2019,13.9
MT,below_at_risk_of_poverty,2020,14.9
MT,below_at_risk_of_poverty,2021,18.6
MT,below_at_risk_of_poverty,2022,14.1
MT,below_at_risk_of_poverty,2023,12.7
MT,below_at_risk_of_poverty,2024,17.1
MT,below_at_risk_of_poverty,2025,10.9
MT,total,2005,12.6
MT,total,2006,10.8
MT,total,2007,10.2
MT,total,2008,8.8
MT,total,2009,11.1
MT,total,2010,14.3
MT,total,2011,17.6
MT,total,2012,22.1
MT,total,2013,23.9
MT,total,2014,22.3
MT,total,2015,14.1
MT,total,2016,6.6
MT,total,2017,6.3
MT,total,2018,7.6
MT,total,2019,7.8
MT,total,2020,7.2
MT,total,2021,7.8
MT,total,2022,7.6
MT,total,2023,6.8
MT,total,2024,7.8
MT,total,2025,7.6
NL,below_at_risk_of_poverty,2005,9.6
NL,below_at_risk_of_poverty,2006,7.2
NL,below_at_risk_of_poverty,2007,4.6
NL,below_at_risk_of_poverty,2008,4.7
NL,below_at_risk_of_poverty,2009,4.3
NL,below_at_risk_of_poverty,2010,9.6
NL,below_at_risk_of_poverty,2011,6.6
NL,below_at_risk_of_poverty,2012,8.7
NL,below_at_risk_of_poverty,2013,6.3
NL,below_at_risk_of_poverty,2014,9
NL,below_at_risk_of_poverty,2015,8.2
NL,below_at_risk_of_poverty,2016,7.9
NL,below_at_risk_of_poverty,2017,7.8
NL,below_at_risk_of_poverty,2018,6.3
NL,below_at_risk_of_poverty,2019,11.3
NL,below_at_risk_of_poverty,2020,8.8
NL,below_at_risk_of_poverty,2021,7.6
NL,below_at_risk_of_poverty,2022,14.9
NL,below_at_risk_of_poverty,2023,21.6
NL,below_at_risk_of_poverty,2024,19.5
NL,below_at_risk_of_poverty,2025,21.3
NL,total,2005,3.1
NL,total,2006,2.2
NL,total,2007,1.6
NL,total,2008,1.8
NL,total,2009,1.3
NL,total,2010,2.3
NL,total,2011,1.6
NL,total,2012,2.2
NL,total,2013,2.9
NL,total,2014,2.6
NL,total,2015,2.9
NL,total,2016,2.6
NL,total,2017,2.4
NL,total,2018,2.2
NL,total,2019,3
NL,total,2020,2.4
NL,total,2021,2.4
NL,total,2022,5.3
NL,total,2023,7.1
NL,total,2024,7.1
NL,total,2025,6.6
NO,below_at_risk_of_poverty,2003,6.3
NO,below_at_risk_of_poverty,2004,7
NO,below_at_risk_of_poverty,2005,4.4
NO,below_at_risk_of_poverty,2006,4.4
NO,below_at_risk_of_poverty,2007,2.3
NO,below_at_risk_of_poverty,2008,3.3
NO,below_at_risk_of_poverty,2009,2.4
NO,below_at_risk_of_poverty,2010,2.8
NO,below_at_risk_of_poverty,2011,4.3
NO,below_at_risk_of_poverty,2012,2.3
NO,below_at_risk_of_poverty,2013,3.6
NO,below_at_risk_of_poverty,2014,2.3
NO,below_at_risk_of_poverty,2015,2.4
NO,below_at_risk_of_poverty,2016,4.5
NO,below_at_risk_of_poverty,2017,3.9
NO,below_at_risk_of_poverty,2018,4.9
NO,below_at_risk_of_poverty,2019,2.8
NO,below_at_risk_of_poverty,2020,3.8
NO,below_at_risk_of_poverty,2021,4.5
NO,below_at_risk_of_poverty,2022,3.4
NO,below_at_risk_of_poverty,2023,5.6
NO,below_at_risk_of_poverty,2024,5.3
NO,below_at_risk_of_poverty,2025,4.6
NO,total,2003,2.8
NO,total,2004,1.8
NO,total,2005,1.3
NO,total,2006,1.5
NO,total,2007,0.8
NO,total,2008,0.8
NO,total,2009,0.8
NO,total,2010,0.7
NO,total,2011,1.2
NO,total,2012,0.7
NO,total,2013,0.9
NO,total,2014,0.6
NO,total,2015,0.5
NO,total,2016,0.9
NO,total,2017,0.8
NO,total,2018,0.9
NO,total,2019,1
NO,total,2020,0.8
NO,total,2021,1.4
NO,total,2022,2.1
NO,total,2023,2.1
NO,total,2024,2.2
NO,total,2025,1.7
PL,below_at_risk_of_poverty,2005,51.2
PL,below_at_risk_of_poverty,2006,46.1
PL,below_at_risk_of_poverty,2007,39.3
PL,below_at_risk_of_poverty,2008,34.4
PL,below_at_risk_of_poverty,2009,33.2
PL,below_at_risk_of_poverty,2010,30.7
PL,below_at_risk_of_poverty,2011,28.7
PL,below_at_risk_of_poverty,2012,27.6
PL,below_at_risk_of_poverty,2013,23.8
PL,below_at_risk_of_poverty,2014,20.7
PL,below_at_risk_of_poverty,2015,18.7
PL,below_at_risk_of_poverty,2016,16.7
PL,below_at_risk_of_poverty,2017,15.1
PL,below_at_risk_of_poverty,2018,13.7
PL,below_at_risk_of_poverty,2019,11.5
PL,below_at_risk_of_poverty,2020,8.9
PL,below_at_risk_of_poverty,2021,8.2
PL,below_at_risk_of_poverty,2022,10.3
PL,below_at_risk_of_poverty,2023,9.8
PL,below_at_risk_of_poverty,2024,7.2
PL,below_at_risk_of_poverty,2025,7.3
PL,total,2005,33.6
PL,total,2006,28.4
PL,total,2007,22.7
PL,total,2008,20.1
PL,total,2009,16.3
PL,total,2010,14.8
PL,total,2011,13.6
PL,total,2012,13.2
PL,total,2013,11.4
PL,total,2014,9
PL,total,2015,7.5
PL,total,2016,7.1
PL,total,2017,6
PL,total,2018,5.1
PL,total,2019,4.2
PL,total,2020,3.2
PL,total,2021,3.2
PL,total,2022,4.9
PL,total,2023,4.7
PL,total,2024,3.3
PL,total,2025,3.2
PT,below_at_risk_of_poverty,2004,56.9
PT,below_at_risk_of_poverty,2005,62.1
PT,below_at_risk_of_poverty,2006,60.6
PT,below_at_risk_of_poverty,2007,64.9
PT,below_at_risk_of_poverty,2008,56
PT,below_at_risk_of_poverty,2009,44.3
PT,below_at_risk_of_poverty,2010,49.7
PT,below_at_risk_of_poverty,2011,44.8
PT,below_at_risk_of_poverty,2012,43.1
PT,below_at_risk_of_poverty,2013,44.6
PT,below_at_risk_of_poverty,2014,47.5
PT,below_at_risk_of_poverty,2015,43.3
PT,below_at_risk_of_poverty,2016,42.7
PT,below_at_risk_of_poverty,2017,38.9
PT,below_at_risk_of_poverty,2018,37
PT,below_at_risk_of_poverty,2019,38
PT,below_at_risk_of_poverty,2020,33.8
PT,below_at_risk_of_poverty,2021,27.9
PT,below_at_risk_of_poverty,2022,35.8
PT,below_at_risk_of_poverty,2023,37.3
PT,below_at_risk_of_poverty,2024,30.9
PT,below_at_risk_of_poverty,2025,30.6
PT,total,2004,36.3
PT,total,2005,40
PT,total,2006,39.9
PT,total,2007,41.9
PT,total,2008,34.9
PT,total,2009,28.5
PT,total,2010,30.1
PT,total,2011,26.8
PT,total,2012,27
PT,total,2013,27.9
PT,total,2014,28.3
PT,total,2015,23.8
PT,total,2016,22.5
PT,total,2017,20.4
PT,total,2018,19.4
PT,total,2019,18.9
PT,total,2020,17.5
PT,total,2021,16.4
PT,total,2022,17.5
PT,total,2023,20.8
PT,total,2024,15.7
PT,total,2025,15.6
RO,below_at_risk_of_poverty,2007,46
RO,below_at_risk_of_poverty,2008,33.3
RO,below_at_risk_of_poverty,2009,29.8
RO,below_at_risk_of_poverty,2010,26.9
RO,below_at_risk_of_poverty,2011,26.7
RO,below_at_risk_of_poverty,2012,25.8
RO,below_at_risk_of_poverty,2013,25.6
RO,below_at_risk_of_poverty,2014,24.6
RO,below_at_risk_of_poverty,2015,27.3
RO,below_at_risk_of_poverty,2016,25.6
RO,below_at_risk_of_poverty,2017,17.4
RO,below_at_risk_of_poverty,2018,18.2
RO,below_at_risk_of_poverty,2019,19.9
RO,below_at_risk_of_poverty,2020,23.4
RO,below_at_risk_of_poverty,2021,22
RO,below_at_risk_of_poverty,2022,29.5
RO,below_at_risk_of_poverty,2023,25.1
RO,below_at_risk_of_poverty,2024,20.8
RO,below_at_risk_of_poverty,2025,21.4
RO,total,2007,33.3
RO,total,2008,24.4
RO,total,2009,22.1
RO,total,2010,20.1
RO,total,2011,15.6
RO,total,2012,15
RO,total,2013,14.7
RO,total,2014,12.9
RO,total,2015,13.1
RO,total,2016,13.8
RO,total,2017,11.3
RO,total,2018,9.6
RO,total,2019,9.3
RO,total,2020,10
RO,total,2021,10.1
RO,total,2022,15.2
RO,total,2023,12.5
RO,total,2024,10.8
RO,total,2025,11.9
RS,below_at_risk_of_poverty,2013,30
RS,below_at_risk_of_poverty,2014,27.2
RS,below_at_risk_of_poverty,2015,25.2
RS,below_at_risk_of_poverty,2016,21.6
RS,below_at_risk_of_poverty,2017,21.7
RS,below_at_risk_of_poverty,2018,19.4
RS,below_at_risk_of_poverty,2019,21.1
RS,below_at_risk_of_poverty,2020,28.7
RS,below_at_risk_of_poverty,2021,29
RS,below_at_risk_of_poverty,2022,29.2
RS,below_at_risk_of_poverty,2023,29.1
RS,below_at_risk_of_poverty,2024,30.4
RS,below_at_risk_of_poverty,2025,37
RS,total,2013,18.3
RS,total,2014,17.1
RS,total,2015,15.2
RS,total,2016,13.3
RS,total,2017,13.1
RS,total,2018,10
RS,total,2019,10.4
RS,total,2020,10.2
RS,total,2021,9.8
RS,total,2022,9.8
RS,total,2023,9.4
RS,total,2024,9.3
RS,total,2025,9.3
SE,below_at_risk_of_poverty,2004,3.9
SE,below_at_risk_of_poverty,2005,2.3
SE,below_at_risk_of_poverty,2006,5
SE,below_at_risk_of_poverty,2007,3.4
SE,below_at_risk_of_poverty,2008,3.5
SE,below_at_risk_of_poverty,2009,4.6
SE,below_at_risk_of_poverty,2010,5.3
SE,below_at_risk_of_poverty,2011,4.3
SE,below_at_risk_of_poverty,2012,4
SE,below_at_risk_of_poverty,2013,3.9
SE,below_at_risk_of_poverty,2014,2.9
SE,below_at_risk_of_poverty,2015,2.5
SE,below_at_risk_of_poverty,2016,4.6
SE,below_at_risk_of_poverty,2017,5.3
SE,below_at_risk_of_poverty,2018,4.6
SE,below_at_risk_of_poverty,2019,4.9
SE,below_at_risk_of_poverty,2020,6.9
SE,below_at_risk_of_poverty,2021,3.3
SE,below_at_risk_of_poverty,2022,5.5
SE,below_at_risk_of_poverty,2023,8.4
SE,below_at_risk_of_poverty,2024,7.8
SE,below_at_risk_of_poverty,2025,10.1
SE,total,2004,1.6
SE,total,2005,1.4
SE,total,2006,2.5
SE,total,2007,1.8
SE,total,2008,1.6
SE,total,2009,1.7
SE,total,2010,2.1
SE,total,2011,1.9
SE,total,2012,1.7
SE,total,2013,0.9
SE,total,2014,1.1
SE,total,2015,1.2
SE,total,2016,2.6
SE,total,2017,2.1
SE,total,2018,2.3
SE,total,2019,1.9
SE,total,2020,2.7
SE,total,2021,1.7
SE,total,2022,3.3
SE,total,2023,5.9
SE,total,2024,4.1
SE,total,2025,4.7
SI,below_at_risk_of_poverty,2005,6.6
SI,below_at_risk_of_poverty,2006,8.7
SI,below_at_risk_of_poverty,2007,11.4
SI,below_at_risk_of_poverty,2008,14.3
SI,below_at_risk_of_poverty,2009,11.5
SI,below_at_risk_of_poverty,2010,13.1
SI,below_at_risk_of_poverty,2011,12.4
SI,below_at_risk_of_poverty,2012,17.3
SI,below_at_risk_of_poverty,2013,13.1
SI,below_at_risk_of_poverty,2014,15.4
SI,below_at_risk_of_poverty,2015,13.6
SI,below_at_risk_of_poverty,2016,14.2
SI,below_at_risk_of_poverty,2017,11.5
SI,below_at_risk_of_poverty,2018,11.4
SI,below_at_risk_of_poverty,2019,8.2
SI,below_at_risk_of_poverty,2020,9.8
SI,below_at_risk_of_poverty,2021,5.5
SI,below_at_risk_of_poverty,2022,7.3
SI,below_at_risk_of_poverty,2023,13.9
SI,below_at_risk_of_poverty,2024,9.6
SI,below_at_risk_of_poverty,2025,10
SI,total,2005,2.6
SI,total,2006,3
SI,total,2007,4.2
SI,total,2008,5.6
SI,total,2009,4.6
SI,total,2010,4.7
SI,total,2011,5.4
SI,total,2012,6.1
SI,total,2013,4.9
SI,total,2014,5.6
SI,total,2015,5.6
SI,total,2016,4.8
SI,total,2017,3.9
SI,total,2018,3.3
SI,total,2019,2.3
SI,total,2020,2.8
SI,total,2021,1.7
SI,total,2022,2.6
SI,total,2023,3.6
SI,total,2024,3.3
SI,total,2025,3.6
SK,below_at_risk_of_poverty,2005,18.9
SK,below_at_risk_of_poverty,2006,19.3
SK,below_at_risk_of_poverty,2007,14.7
SK,below_at_risk_of_poverty,2008,13.8
SK,below_at_risk_of_poverty,2009,12.1
SK,below_at_risk_of_poverty,2010,15.6
SK,below_at_risk_of_poverty,2011,10.4
SK,below_at_risk_of_poverty,2012,13.6
SK,below_at_risk_of_poverty,2013,16.1
SK,below_at_risk_of_poverty,2014,22.4
SK,below_at_risk_of_poverty,2015,17.8
SK,below_at_risk_of_poverty,2016,17
SK,below_at_risk_of_poverty,2017,17.3
SK,below_at_risk_of_poverty,2018,15.8
SK,below_at_risk_of_poverty,2019,28.6
SK,below_at_risk_of_poverty,2020,19.2
SK,below_at_risk_of_poverty,2021,18.8
SK,below_at_risk_of_poverty,2022,25.2
SK,below_at_risk_of_poverty,2023,29.8
SK,below_at_risk_of_poverty,2024,29.9
SK,below_at_risk_of_poverty,2025,27
SK,total,2005,13.6
SK,total,2006,9.7
SK,total,2007,4.6
SK,total,2008,6
SK,total,2009,3.6
SK,total,2010,4.4
SK,total,2011,4.3
SK,total,2012,5.5
SK,total,2013,5.4
SK,total,2014,6.1
SK,total,2015,5.8
SK,total,2016,5.1
SK,total,2017,4.3
SK,total,2018,4.8
SK,total,2019,7.8
SK,total,2020,5.7
SK,total,2021,5.8
SK,total,2022,7.1
SK,total,2023,8.1
SK,total,2024,8.3
SK,total,2025,8.1
TR,below_at_risk_of_poverty,2006,61.2
TR,below_at_risk_of_poverty,2007,64.8
TR,below_at_risk_of_poverty,2008,61.4
TR,below_at_risk_of_poverty,2009,55.9
TR,below_at_risk_of_poverty,2011,56.3
TR,below_at_risk_of_poverty,2012,59.9
TR,below_at_risk_of_poverty,2013,58.7
TR,below_at_risk_of_poverty,2014,36.1
TR,below_at_risk_of_poverty,2015,45.8
TR,below_at_risk_of_poverty,2016,47.6
TR,below_at_risk_of_poverty,2017,46.4
TR,below_at_risk_of_poverty,2018,44.3
TR,below_at_risk_of_poverty,2019,42.4
TR,below_at_risk_of_poverty,2020,42.6
TR,below_at_risk_of_poverty,2021,44.5
TR,below_at_risk_of_poverty,2022,44.7
TR,below_at_risk_of_poverty,2023,41.3
TR,below_at_risk_of_poverty,2024,37.3
TR,below_at_risk_of_poverty,2025,48.3
TR,total,2006,39.3
TR,total,2007,39.1
TR,total,2008,41
TR,total,2009,37.8
TR,total,2011,35.4
TR,total,2012,37.2
TR,total,2013,29.3
TR,total,2014,15.5
TR,total,2015,15.9
TR,total,2016,24.2
TR,total,2017,20.7
TR,total,2018,19.1
TR,total,2019,19.2
TR,total,2020,20.3
TR,total,2021,20.5
TR,total,2022,20.4
TR,total,2023,19.5
TR,total,2024,15.1
TR,total,2025,19.5
UK,below_at_risk_of_poverty,2005,11
UK,below_at_risk_of_poverty,2006,9.2
UK,below_at_risk_of_poverty,2007,9.1
UK,below_at_risk_of_poverty,2008,11.5
UK,below_at_risk_of_poverty,2009,11
UK,below_at_risk_of_poverty,2010,11.9
UK,below_at_risk_of_poverty,2011,11.4
UK,below_at_risk_of_poverty,2012,19.2
UK,below_at_risk_of_poverty,2013,21.7
UK,below_at_risk_of_poverty,2014,20.2
UK,below_at_risk_of_poverty,2015,18.6
UK,below_at_risk_of_poverty,2016,14.2
UK,below_at_risk_of_poverty,2017,12.4
UK,below_at_risk_of_poverty,2018,11.8
UK,total,2005,5.7
UK,total,2006,4.8
UK,total,2007,4.5
UK,total,2008,6
UK,total,2009,5.8
UK,total,2010,6.1
UK,total,2011,6.5
UK,total,2012,8.1
UK,total,2013,10.6
UK,total,2014,9.4
UK,total,2015,7.8
UK,total,2016,6.1
UK,total,2017,5.9
UK,total,2018,5.4
XK,below_at_risk_of_poverty,2018,53.1
XK,total,2018,40.2
